"Company","Address","Webpage","Phone","E-mail","m.domain",".mobi","Wap","Domain.com/mobile"
"Certified Mechanical","29 Lloyd Avenue, Toronto, ON M6N 3E5, Canada","http://www.certifiedmechanicaltoronto.com/","(416) 908-6993","none","No","No","No","No",
"Pilot Mechanical Heating and Air Conditioning","141 Airdrie Road, Toronto, Ontario, ON M4G 1M6, Canada","http://www.pilotmechanical.com/","(416) 423-2466","pilotmechanical@rogers.com","No","No","No","No",
"Madina Mechanical Heating & Cooling","33-2 Thornhillpark Dr, Toronto, ON M4H 1H4, Canada","none","(416) 825-6225","none","No","No","No","No",
"Complete Mechanical Heating & Air Conditioning","289 Joicey Bl, North York, ON M5M 2V8, Canada","none","(416) 570-3987","none","No","No","No","No",
"Royal Heating & Cooling","101 Niagara Street, Toronto, ON M5V 1C3, Canada","http://www.royalmechanical.ca/","(416) 360-4900","none","No","No","No","No",
"Leaside Plumbing Toronto","126 Laird Drive, Toronto, ON M4G 3V3, Canada","http://www.leasideplumbing.ca/","(416) 423-8682","none","No","No","No","No",
"PAP Mechanical Group Ltd","117 Whitburn Cr, North York, ON M3M 2S6, Canada","http://www.papmechanicalgroup.com/","(416) 781-6600","talktous@papmechanicalgroup.com","No","No","No","No",
"Cowen Mechanical","31 Caroline Ave, Toronto, ON M4M 2X6, Canada","none","(416) 999-2011","none","No","No","No","No",
"HVAC MECHANICAL SYSTEMS INC","44 Pioneer Avenue, Toronto, ON M6M 5H5, Canada","http://www.hvacmechanicalsystems.com/","(647) 404-4461","none","No","No","No","No",
"High efficiency furnace Toronto","48 Old Forest Hill Road, Toronto, ON M5P 2P9, Canada","http://www.high-efficiency-furnace.ca/","(647) 591-2067","none","No","No","No","No",
"AirTech","AirTech, 1235 Bay St Suite 400, Toronto, ON M5R3K4, Canada","none","310-2473","none","No","No","No","No",
"AirTech","AirTech, 1235 Bay St Suite 400, Toronto, ON M5R3K4, Canada","none","310-2473","none","No","No","No","No",
"Silvan Mechanical","130 Industry, North York, ON M6M 5G3, Canada","http://www.silvanmechanical.com/","(416) 530-7818","info@silvanmechanical.com","No","No","No","No",
"Den Air Toronto Heating and Cooling Installation and Repairs Services","17 Trenton Avenue, East York, ON M4C 2Z3, Canada","http://www.denair.ca/home.html","(416) 690-2083","none","No","No","No","No",
"Exacaire Mechanical Systems Ltd","240 Niagara Street, Toronto, ON M6J 2L5, Canada","none","(416) 703-2047","none","No","No","No","No",
"AC & Furnace Depot - Toronto Furnace Repair, Installation & Service","3200 Dufferin Street #18b, Toronto, ON M6A 0A1, Canada","http://www.theacandfurnacedepot.com/","(416) 323-3768","none","No","No","No","No",
"J H B Mechanical Air Conditioning & Heating Ltd","20 Leslie, Toronto, ON M4M 3L4, Canada","none","(416) 693-5998","none","No","No","No","No",
"AA S & J Mechanical","32 Dunraven Dr, York, ON M6M 1H1, Canada","none","(416) 654-3143","none","No","No","No","No",
"Air-Rite Comfort Systems Inc","325 Weston, York, ON M6N 4Z9, Canada","none","(416) 760-7676","none","No","No","No","No",
"Alpha Mechanical","26 Cawthra Av, Toronto, ON M6P 2K8, Canada","none","(416) 769-7668","none","No","No","No","No",
"Qualified Mechanical Services","1543 Bayview Av, East York, ON M4G 3B5, Canada","none","(416) 423-0225","none","No","No","No","No",
"Polar Mechanical","505-2828 Bathurst St, Toronto, ON M6B 3A7, Canada","none","(416) 785-4500","none","No","No","No","No",
"AirTech","AirTech, 1235 Bay St Suite 400, Toronto, ON M5R3K4, Canada","none","310-2473","none","No","No","No","No",
"AirTech","AirTech, 1235 Bay St Suite 400, Toronto, ON M5R3K4, Canada","none","310-2473","none","No","No","No","No",
"Albion Mechanical Services Ltd","ON M6E 2C2, Canada","none","(416) 651-8576","none","No","No","No","No",
"J H B Mechanical","1015 Lakeshore Blvd. East Toronto, ON M4M 1B3, Canada","none","(416) 693-5998","none","No","No","No","No",
"Remco Mechanical Inc","2772 Keele, North York, ON M3M 2G2, Canada","none","(416) 248-2360","none","No","No","No","No",
"T R Mechanical","12 Duern, York, ON M6N 4G5, Canada","none","(416) 801-7292","none","No","No","No","No",
"Cool-Aid Mechanical","1 Yorkdale Road, Toronto, ON M6A 3A1, Canada","http://www.coolaidmechanical.com/","(416) 266-5243","none","No","No","No","No",
"Medina Mechanical - Heating and Air Conditioning in Toronto","345 Danforth Road #8, Toronto, ON M1L 3X8, Canada","http://www.madinamechanical.ca/#cid=glbc","(416) 424-4328","none","No","No","No","No",
"JM MECHANICAL HEATING AND COOLING SERVICES","701 Millway Avenue #2, Concord, ON L4K 3S7, Canada","http://www.jmmech.ca/","(905) 760-2828","info@jmmech.ca","No","No","No","No",
"Burnell Mechanical Limited","Hector Avenue, Toronto, ON M6N 2M1, Canada","http://www.burnellmechanical.com/","(416) 562-4663","none","No","No","No","No",
"MapleTech Mechanical","186 Bartley Drive #15, Toronto, ON M4A 1E1, Canada","http://www.mapletechcanada.com/","(416) 229-2121","none","No","No","No","No",
"D & J Mechanical Heating & Air","19 Kenview Bl, Brampton, ON L6T 5G6, Canada","none","(905) 791-1905","none","No","No","No","No",
"Northrock Mechanical Services","307 Bering, Etobicoke, ON M8Z 3A5, Canada","http://www.servicecall.ca/","(416) 742-7772","none","No","No","No","No",
"Airsource Mechanical","1880 O'Connor Drive, North York, ON M4A 1W9, Canada","none","(416) 755-2757","none","No","No","No","No",
"Bill's Mechanical Heating & Cooling","77 Port Union Rd, Toronto, ON M1C 5J4, Canada","none","(416) 686-6804","none","No","No","No","No",
"YYZ Plumbing Inc.","494 Champagne Drive, Toronto, ON M3J 2T9, Canada","http://www.yyzplumbing.com/","(416) 633-3232","admin@yyzplumbing1.com","No","No","No","No",
"Binnie Mechanical","2400 Wyecroft Road #18, Oakville, ON L6L 6M8, Canada","http://binniemechanical.com/","(905) 849-0297","dan@searchenginemississauga.com","No","No","No","No",
"KK Mechanical Inc | Plumbing in Etobicoke","208 Brown's Line, Etobicoke, ON M8W 3T4, Canada","none","(416) 255-0848","none","No","No","No","No",
"Thermal Comfort Heating and Air","2089 Kipling Avenue, Toronto, ON M9W 4K4, Canada","http://www.thermalcomfortheat.com/","(647) 204-6332","none","No","No","No","No",
"Standard Mechanical Systems Limited","3055 Universal Drive, Mississauga, ON L4X 2E2, Canada","http://www.standardmechanical.com/?page=map","(905) 625-9505","none","No","No","No","No",
"The State Group Inc","3206 Orlando Dr, Mississauga, ON L4V 1R5, Canada","http://www.stategroup.com/","(905) 672-2772","none","No","No","No","No",
"Free Air Mechanical","689 Warden Avenue, Scarborough, ON M1L 4R6, Canada","none","(647) 438-9876","none","No","No","No","No",
"AirTech","AirTech, 1235 Bay St Suite 400, Toronto, ON M5R3K4, Canada","none","310-2473","none","No","No","No","No",
"AirTech","AirTech, 1235 Bay St Suite 400, Toronto, ON M5R3K4, Canada","none","310-2473","none","No","No","No","No",
