ssfsafadf;��	���������������������������������������������������������������������������������������������������������������������������������������������������������������������������������������������������������������������������������������������������������������������������������������������������������������������������������������������������������������������������������������������������������������������������������������������������������������������������������������������������������������������������������������������������������������������������������������������������������������������������������������������������������������������������������������������������������������������������������������������������������������������������������������������������������������������������������������������������������������������������������������������������������������������������������������������������������������������������������������Root;Entry����������������������������������������������������������������
;55555555555555600000000000000;
;5444444444444450000000000000000000;
;;
;;
;safaadsadadad;
;afafdaf;
;;
;;
;;
;4258648486zx4c6fszx4df6ds46fs6f4ds6f4ds6f;
;;
;;
;;
;;
;fadsfaf;
;sdsadaddadadadd6879867szd4sa6d14sa6d1s6;
;;
;877979ad;
